"customerId";"email";"firstName";"lastName"
0;"";"";""
103;"jgwang@gmail.com";"Patience";"Ezra"
123;"abcd@gmail.com";"CHARLES";"MAGNETO"
134;"jair@gmail.com";"Jair ";"Hernandez"
135;"molly@gmail.com";"Molly";"Farmer"
138;"giuliana@gmail.com";"Giuliana";"Hawkins"
166;"tsuruta@hotmail.com";"Tommy";"Morton"
310;"yamla@hotmail.com";"Jordyn";"Arellano"
400;"thrymm@hotmail.com";"Jazmin";"Briggs"
405;"eurohack@att.net";"Yadiel";"Lloyd"
451;"marin@live.com";"Steven";"Moyer"
545;"singer@verizon.net";"Shirley";"Stanley"
587;"tfinniga@yahoo.com";"Jacoby";"Pham"
678;"fgr@gmail.com";"farooq";"shah"
768;"adhu@gmail.com";"Farah";"Joshi"
890;"ghjf@gmail.com";"Gia";"Garg"
902;"bancboy@comcast.net";"Clarissa";"Gentry"
919;"smeier@aol.com";"Paula";"Best"
947;"scato@outlook.com";"Zavier";"Chavez"
