"storeId";"storeAddress";"storeVendor";"city";"state";"country";"postalCode";"storeRatings"
0;"gurbaksh colony";"riya";"Amritsar";"Punjab";"India";"140402";8
101;"q";"";"patiala";"punjab";"India";"140402";1
1001;"Ram nagar";"ram";"patiala";"punjab";"India";"147002";10
1002;"Vikas Nagar";"sham";"Amritsar";"punjab";"India";"143001";10
1003;"kirti Nagar";"kritika";"Bathinda";"punjab";"India";"151001";6
1004;"nina Nagar";"kritika";"Bathinda";"punjab";"India";"151001";6
1005;"Urban Estate";"rina";"rajpura";"punjab";"India";"140401";6
1006;"Rita Estate";"Liza";"Nagpur";"Maharastra";"India";"440021";8
1007;"Abhyankar Nagar";"jordan";"Nagpur";"Maharastra";"India";"440021";4
1008;"Krishna valley";"Ella";"Los Angel";"California";"US";"90002";8
1009;"q";"Ella";"patiala";"punjab";"India";"140402";8
1011;"Krishna valley";"Ella";"Los Angel";"California";"United States";"90002";8
1012;"Divya C";"riya";"Amritsar";"Punjab";"India";"140402";8
1013;"gurbaksh colony";"riya";"Amritsar";"Punjab";"India";"140402";8
1015;"Rajiv gandhi";"Rita";"Amritsar";"Punjab";"India";"140402";10
1020;"gurbaksh colony";"Siya";"Mohali";"Punjab";"India";"140402";10
1045;"gurbaksh colony";"riya";"Amritsar";"Punjab";"India";"140402";8
1077;"gurbaksh colony";"riya";"Amritsar";"Punjab";"India";"140402";0
10011;"Krishna valley";"ggg";"Los Angel";"California";"United States";"90002";8
